city,lan,lot,timestamp,aqi,co,no,no2,o3,so2,pm2_5,pm10,nh3,temperature,humidity
Delhi,28.6517178,77.2219388,2025-01-13 16:29:00,5,1335.14,0,35.99,44.35,13.59,118.28,163.1,6.27,13.06,94
Mumbai,19.0785451,72.878176,2025-01-13 16:29:01,5,1388.55,0,41.13,90.84,39.58,142.07,184.98,15.83,26.03,65
Chennai,13.0836939,80.270186,2025-01-13 16:29:01,3,547.41,0,10.11,82.97,8.58,35.92,47.69,2.03,25.73,90
Kolkata,22.5414185,88.35769124388872,2025-01-13 16:29:02,5,9399.41,62.59,252.25,0,141.14,821.14,1009.58,100.32,18.95,77
Bengaluru,12.9767936,77.590082,2025-01-13 16:29:02,2,560.76,0,17.14,47.92,6.62,14.32,16.55,2.22,20.59,89
Ahmedabad,23.0216238,72.5797068,2025-01-13 16:29:02,4,1028.06,0,44.55,30.04,7.33,58.2,75.75,15.83,18.04,48
Lucknow,26.8381,80.9346001,2025-01-13 16:29:03,5,894.55,0,14.22,62.94,3.76,117.16,136.64,5.32,13.01,94
Hyderabad,17.360589,78.4740613,2025-01-13 16:29:03,5,961.3,0,28.1,89.41,33.38,102.08,117.48,12.16,21.19,68
Jaipur,26.9154576,75.8189817,2025-01-13 16:29:04,5,988.01,0,28.1,59.37,6.91,90.38,104.18,9.75,13.6,82
Patna,25.6093239,85.1235252,2025-01-13 16:29:04,5,1241.68,0,16.45,78.68,8.82,224.42,244.54,4.81,17.97,77
Delhi,28.6517178,77.2219388,2025-01-13 17:09:33,5,1268.39,0,32.9,40.77,12.16,111.45,153.93,5.64,12.06,94
Mumbai,19.0785451,72.878176,2025-01-13 17:09:33,5,2056.12,0,58.95,60.8,47.68,183.48,243.99,24.32,27.03,57
Chennai,13.0836939,80.270186,2025-01-13 17:09:34,3,547.41,0,9.34,82.25,8.11,38.44,52.69,2.12,25.49,90
Kolkata,22.5414185,88.35769124388872,2025-01-13 17:09:34,5,11215.21,80.47,279.67,0,144.96,1001.57,1195.84,101.33,18.96,77
Bengaluru,12.9767936,77.590082,2025-01-13 17:09:34,2,554.09,0,15.08,45.78,6.68,13.05,15.31,2.03,20.16,92
Ahmedabad,23.0216238,72.5797068,2025-01-13 17:09:35,4,1081.47,0.02,45.93,22.71,6.86,60.54,81.62,16.97,18.04,52
Lucknow,26.8381,80.9346001,2025-01-13 17:09:35,5,881.2,0,13.37,60.08,3.58,113.71,132.21,4.81,12.01,100
Hyderabad,17.360589,78.4740613,2025-01-13 17:09:35,5,974.66,0,28.1,95.84,33.38,107.81,124.1,12.79,20.68,77
Jaipur,26.9154576,75.8189817,2025-01-13 17:09:36,5,1041.41,0,27.76,54.36,6.32,95.29,109.9,7.03,11.6,94
Patna,25.6093239,85.1235252,2025-01-13 17:09:36,5,1268.39,0,16.28,73.67,8.58,230.86,251.17,4.69,16.97,82
Delhi,28.6517178,77.2219388,2025-01-13 18:15:11,5,1121.52,0,29.13,38.98,9.66,99.67,134.7,4.62,12.06,94
Mumbai,19.0785451,72.878176,2025-01-13 18:15:11,5,2563.48,0,74.03,37.19,52.93,217.01,288.21,28.63,26.03,61
Chennai,13.0836939,80.270186,2025-01-13 18:15:12,3,540.73,0,9,81.54,7.33,38.55,53.43,1.98,25.61,91
Kolkata,22.5414185,88.35769124388872,2025-01-13 18:15:12,5,11856.08,79.57,282.41,0,122.07,1089.48,1279.93,84.1,18.96,77
Bengaluru,12.9767936,77.590082,2025-01-13 18:15:13,2,547.41,0,13.88,46.49,6.56,10.4,12.37,1.77,20.59,89
Ahmedabad,23.0216238,72.5797068,2025-01-13 18:15:13,4,1054.76,0.02,41.13,21.1,5.78,62.1,84.79,16.72,16.04,59
Lucknow,26.8381,80.9346001,2025-01-13 18:15:14,5,854.49,0,12.17,60.08,3.19,111.42,127.34,4.43,12.01,94
Hyderabad,17.360589,78.4740613,2025-01-13 18:15:14,5,947.95,0,27.76,97.28,32.42,109.36,125.45,11.65,20.68,77
Jaipur,26.9154576,75.8189817,2025-01-13 18:15:14,5,1001.36,0,25.36,53.64,5.07,94.9,108.93,5.26,11.6,87
Patna,25.6093239,85.1235252,2025-01-13 18:15:15,5,1268.39,0,16.45,65.8,8.11,227.92,247.51,4.43,16.97,82
Delhi,28.6517178,77.2219388,2025-01-13 19:08:19,5,974.66,0,24.68,38.27,7.63,86.66,110.97,3.67,11.06,100
Mumbai,19.0785451,72.878176,2025-01-13 19:08:19,5,2723.69,0.03,79.51,24.68,51.98,225.72,296,25.84,26.03,53
Chennai,13.0836939,80.270186,2025-01-13 19:08:19,3,507.36,0,8.14,80.82,6.38,37.21,50.74,1.57,25.47,92
Kolkata,22.5414185,88.35769124388872,2025-01-13 19:08:20,5,11001.59,60.8,252.25,0,79.16,1040.43,1223.1,52.69,17.96,82
Bengaluru,12.9767936,77.590082,2025-01-13 19:08:20,1,534.06,0,12.51,49.35,6.38,8.16,9.74,1.58,20.16,91
Ahmedabad,23.0216238,72.5797068,2025-01-13 19:08:20,4,934.6,0,30.5,27.18,4.41,59.65,79.25,15.58,15.04,63
Lucknow,26.8381,80.9346001,2025-01-13 19:08:21,5,827.79,0,10.88,60.8,2.74,109.34,122.35,4.12,12.01,100
Hyderabad,17.360589,78.4740613,2025-01-13 19:08:21,5,854.49,0,25.71,94.41,28.61,106.42,121.75,9.75,19.68,82
Jaipur,26.9154576,75.8189817,2025-01-13 19:08:21,5,907.9,0,21.42,57.22,3.93,89.97,102.14,4.12,11.6,82
Patna,25.6093239,85.1235252,2025-01-13 19:08:22,5,1241.68,0,16.11,57.94,7.21,220.98,238.68,4.18,15.97,88
Delhi,28.6517178,77.2219388,2025-01-13 20:11:30,5,894.55,0,21.59,36.84,7.15,79.88,99.55,3.52,11.06,100
Mumbai,19.0785451,72.878176,2025-01-13 20:11:30,5,2750.4,0.1,78.14,17.17,49.11,228.75,296.25,22.04,25.03,57
Chennai,13.0836939,80.270186,2025-01-13 20:11:30,3,487.33,0,6.51,80.82,5.9,36.6,49.19,1.39,25.24,92
Kolkata,22.5414185,88.35769124388872,2025-01-13 20:11:31,5,9719.85,48.28,211.12,0,43.87,949.77,1126.58,25.08,17.96,82
Bengaluru,12.9767936,77.590082,2025-01-13 20:11:31,1,527.38,0,11.31,51.5,6.56,7.35,8.74,1.58,19.67,93
Ahmedabad,23.0216238,72.5797068,2025-01-13 20:11:31,4,767.71,0,19.19,42.92,3.46,52.87,67.16,14.06,15.04,63
Lucknow,26.8381,80.9346001,2025-01-13 20:11:32,5,821.11,0,9.85,58.65,2.5,110.07,121.67,4.18,12.01,100
Hyderabad,17.360589,78.4740613,2025-01-13 20:11:32,5,821.11,0,22.96,88.69,25.03,106.48,121.36,9.25,19.68,77
Jaipur,26.9154576,75.8189817,2025-01-13 20:11:32,5,841.14,0,17.48,62.94,3.76,85.76,96.41,3.77,9.6,93
Patna,25.6093239,85.1235252,2025-01-13 20:11:33,5,1228.33,0,15.59,50.07,6.5,214.47,231.01,4.02,15.97,88
Delhi,28.6517178,77.2219388,2025-01-13 21:09:31,5,867.84,0.01,19.71,35.41,7.09,76.95,95.45,3.52,10.06,100
Mumbai,19.0785451,72.878176,2025-01-13 21:09:31,5,2883.91,0.33,77.46,11.36,46.73,238.13,308.44,20.27,25.03,57
Chennai,13.0836939,80.270186,2025-01-13 21:09:31,3,473.98,0,5.18,82.25,5.42,36.72,49.05,1.31,25.24,91
Kolkata,22.5414185,88.35769124388872,2025-01-13 21:09:32,5,8544.92,40.68,174.11,0,26.46,858.93,1022.58,13.43,17.96,82
Bengaluru,12.9767936,77.590082,2025-01-13 21:09:32,1,507.36,0,9.68,53.64,6.44,7.38,8.6,1.58,19.09,93
Ahmedabad,23.0216238,72.5797068,2025-01-13 21:09:33,3,634.19,0,10.54,65.8,3.19,45.9,55.77,12.41,15.04,63
Lucknow,26.8381,80.9346001,2025-01-13 21:09:33,5,834.47,0,9.25,56.51,2.47,112.61,123.76,4.24,12.01,100
Hyderabad,17.360589,78.4740613,2025-01-13 21:09:34,5,794.41,0,19.71,82.97,21.7,106.85,121.42,8.61,18.68,82
Jaipur,26.9154576,75.8189817,2025-01-13 21:09:34,5,787.74,0,14.57,65.8,3.61,81.28,90.94,3.58,8.6,100
Patna,25.6093239,85.1235252,2025-01-13 21:09:35,5,1228.33,0,15.08,43.63,5.96,210.54,226.16,3.99,14.97,94
Delhi,28.6517178,77.2219388,2025-01-13 22:09:29,5,841.14,0.01,18.68,34.33,7.09,75.59,93.87,3.61,10.06,100
Mumbai,19.0785451,72.878176,2025-01-13 22:09:29,5,2777.1,0.62,72.66,8.05,41.96,231.93,305.03,17.73,25.03,57
Chennai,13.0836939,80.270186,2025-01-13 22:09:30,3,473.98,0,4.71,81.54,4.89,36.49,48.65,1.38,24.97,91
Kolkata,22.5414185,88.35769124388872,2025-01-13 22:09:30,5,7156.37,30.85,141.2,0,18.36,760.6,909.39,9.88,17.96,77
Bengaluru,12.9767936,77.590082,2025-01-13 22:09:30,1,494,0,8.48,55.79,6.38,7.72,8.88,1.6,19.09,93
Ahmedabad,23.0216238,72.5797068,2025-01-13 22:09:31,3,580.79,0,6,89.41,3.99,47.16,55.72,10.26,14.04,67
Lucknow,26.8381,80.9346001,2025-01-13 22:09:31,5,847.82,0,9,52.93,2.41,116.91,127.94,4.43,12.01,100
Hyderabad,17.360589,78.4740613,2025-01-13 22:09:31,5,801.09,0,18.68,76.53,20.5,108.35,122.59,7.6,17.68,88
Jaipur,26.9154576,75.8189817,2025-01-13 22:09:32,5,747.68,0,12.68,66.52,3.46,77.6,86.8,3.48,8.6,93
Patna,25.6093239,85.1235252,2025-01-13 22:09:32,5,1228.33,0,15.08,38.27,5.54,208.12,223.27,4.05,12.42,70
Delhi,28.6517178,77.2219388,2025-01-13 23:09:30,5,847.82,0.01,18.68,32.9,7.57,76.34,94.16,3.64,10.06,93
Mumbai,19.0785451,72.878176,2025-01-13 23:09:31,5,2857.21,2.01,76.08,3.53,41.49,240.36,313.49,16.09,25.03,57
Chennai,13.0836939,80.270186,2025-01-13 23:09:31,3,480.65,0,4.8,80.11,4.65,36.52,48.56,1.49,24.64,92
Kolkata,22.5414185,88.35769124388872,2025-01-13 23:09:32,5,6141.66,21.91,115.16,0,16.69,681.85,821.41,8.99,16.96,82
Bengaluru,12.9767936,77.590082,2025-01-13 23:09:32,1,480.65,0,7.8,59.37,6.56,7.65,8.78,1.55,19.31,92
Ahmedabad,23.0216238,72.5797068,2025-01-13 23:09:33,4,587.46,0,4.97,95.84,4.77,57.88,66.5,9.37,13.04,76
Lucknow,26.8381,80.9346001,2025-01-13 23:09:33,5,867.84,0,9.08,47.21,2.27,121.94,133.31,4.88,12.01,100
Hyderabad,17.360589,78.4740613,2025-01-13 23:09:34,5,821.11,0,18.85,72.96,21.22,111.22,125.48,6.21,17.68,88
Jaipur,26.9154576,75.8189817,2025-01-13 23:09:34,5,734.33,0,12.17,64.37,3.55,75.5,84.81,3.58,8.6,93
Patna,25.6093239,85.1235252,2025-01-13 23:09:34,5,1228.33,0,14.74,33.98,5.19,208.07,221.35,4.18,11.63,73
Delhi,28.6517178,77.2219388,2025-01-14 00:47:17,5,1028.06,0.11,25.36,24.68,11.09,92.03,115.47,4.56,10.06,100
Mumbai,19.0785451,72.878176,2025-01-14 00:47:18,5,3685,18.11,94.59,0.01,53.41,307.32,373.34,16.09,24.03,60
Chennai,13.0836939,80.270186,2025-01-14 00:47:18,3,494,0,6.17,76.53,4.83,35.85,48.65,1.73,24.45,92
Kolkata,22.5414185,88.35769124388872,2025-01-14 00:47:19,5,4806.52,19.45,81.57,0,19.55,583.95,729.13,9.88,16.96,82
Bengaluru,12.9767936,77.590082,2025-01-14 00:47:19,2,473.98,0,8.4,67.23,6.62,7.23,8.41,1.46,19.52,93
Ahmedabad,23.0216238,72.5797068,2025-01-14 00:47:20,5,627.52,0,6,103,8.94,89.75,97.99,6.4,13.04,71
Lucknow,26.8381,80.9346001,2025-01-14 00:47:20,5,947.95,0,10.2,34.69,2.83,136.87,149.47,5.95,12.01,100
Hyderabad,17.360589,78.4740613,2025-01-14 00:47:21,5,1001.36,0,28.79,63.66,25.75,121.99,137.64,5.57,17.68,88
Jaipur,26.9154576,75.8189817,2025-01-14 00:47:22,5,801.09,0,15.94,54.36,4.77,77.18,88.12,4.43,7.6,100
Patna,25.6093239,85.1235252,2025-01-14 00:47:22,5,1201.63,0.01,14.57,28.61,5.01,207.84,218.44,4.5,13.97,94
Delhi,28.6517178,77.2219388,2025-01-14 01:40:11,5,1335.14,0.62,35.3,15.2,14.66,113.23,148.8,5.89,10.06,93
Mumbai,19.0785451,72.878176,2025-01-14 01:40:11,5,4005.43,34.42,90.48,0,66.76,330.99,402.78,25.08,24.03,57
Chennai,13.0836939,80.270186,2025-01-14 01:40:12,3,540.73,0.02,9.77,73.67,5.9,36.88,52.76,2.47,24.51,93
Kolkata,22.5414185,88.35769124388872,2025-01-14 01:40:12,5,4379.27,25.48,69.23,0.5,24.08,544.91,699.42,12.54,16.96,82
Bengaluru,12.9767936,77.590082,2025-01-14 01:40:12,2,534.06,0,13.2,64.37,7.09,8.77,10.29,1.69,19.24,92
Ahmedabad,23.0216238,72.5797068,2025-01-14 01:40:13,5,647.54,0,8.57,100.14,12.28,97.29,106.18,5.45,13.04,76
Lucknow,26.8381,80.9346001,2025-01-14 01:40:13,5,1014.71,0.02,11.31,27.18,3.76,146.83,162.46,6.02,12.01,100
Hyderabad,17.360589,78.4740613,2025-01-14 01:40:14,5,1361.85,0.14,47.98,45.78,32.9,133.71,151.94,8.23,17.68,94
Jaipur,26.9154576,75.8189817,2025-01-14 01:40:14,5,974.66,0.01,23.65,44.7,6.68,85.37,98.29,4.88,8.6,100
Patna,25.6093239,85.1235252,2025-01-14 01:40:14,5,1241.68,0.09,15.94,24.68,6.26,212.69,226.01,4.94,13.97,94
Delhi,28.6517178,77.2219388,2025-01-14 02:37:34,5,1628.88,3.91,40.78,9.74,17.41,133.63,176.66,6.52,10.06,93
Mumbai,19.0785451,72.878176,2025-01-14 02:37:35,5,4432.68,56.33,83.63,0.63,79.16,350.16,432.36,35.47,24.03,60
Chennai,13.0836939,80.270186,2025-01-14 02:37:35,3,560.76,0.48,12.68,74.39,6.86,36.79,54.42,2.76,25.27,92
Kolkata,22.5414185,88.35769124388872,2025-01-14 02:37:36,5,3898.62,26.15,58.26,4.02,26.7,498.58,647.38,15.96,16.95,88
Bengaluru,12.9767936,77.590082,2025-01-14 02:37:37,1,620.84,0.18,20.74,59.37,8.11,9.94,11.75,1.96,18.95,93
Ahmedabad,23.0216238,72.5797068,2025-01-14 02:37:37,5,654.22,0.05,12,94.41,15.5,98.58,108.35,4.94,13.04,76
Lucknow,26.8381,80.9346001,2025-01-14 02:37:38,5,1081.47,0.8,11.65,21.82,4.47,157.35,176.05,6.14,12.01,100
Hyderabad,17.360589,78.4740613,2025-01-14 02:37:38,5,1548.77,4.36,56.89,34.69,38.62,127.14,146.51,9.88,18.19,94
Jaipur,26.9154576,75.8189817,2025-01-14 02:37:39,5,1094.82,1.01,29.82,40.77,7.99,90.24,104.04,4.37,7.6,93
Patna,25.6093239,85.1235252,2025-01-14 02:37:39,5,1295.09,1.45,16.11,25.39,8.23,221.54,237.48,5.32,14.97,88
Delhi,28.6517178,77.2219388,2025-01-14 03:10:16,5,1628.88,3.91,40.78,9.74,17.41,133.63,176.66,6.52,10.06,93
Mumbai,19.0785451,72.878176,2025-01-14 03:10:17,5,4432.68,56.33,83.63,0.63,79.16,350.16,432.36,35.47,24.03,60
Chennai,13.0836939,80.270186,2025-01-14 03:10:17,3,560.76,0.48,12.68,74.39,6.86,36.79,54.42,2.76,25.62,91
Kolkata,22.5414185,88.35769124388872,2025-01-14 03:10:17,5,3898.62,26.15,58.26,4.02,26.7,498.58,647.38,15.96,18.96,77
Bengaluru,12.9767936,77.590082,2025-01-14 03:10:18,1,620.84,0.18,20.74,59.37,8.11,9.94,11.75,1.96,18.95,93
Ahmedabad,23.0216238,72.5797068,2025-01-14 03:10:18,5,654.22,0.05,12,94.41,15.5,98.58,108.35,4.94,13.04,76
Lucknow,26.8381,80.9346001,2025-01-14 03:10:19,5,1081.47,0.8,11.65,21.82,4.47,157.35,176.05,6.14,12.01,100
Hyderabad,17.360589,78.4740613,2025-01-14 03:10:19,5,1548.77,4.36,56.89,34.69,38.62,127.14,146.51,9.88,20.19,88
Jaipur,26.9154576,75.8189817,2025-01-14 03:10:20,5,1094.82,1.01,29.82,40.77,7.99,90.24,104.04,4.37,8.6,100
Patna,25.6093239,85.1235252,2025-01-14 03:10:20,5,1295.09,1.45,16.11,25.39,8.23,221.54,237.48,5.32,14.97,88
Delhi,28.6517178,77.2219388,2025-01-14 04:11:57,5,1869.2,12.74,35.64,18.24,21.22,153.13,200.37,6.59,10.06,93
Mumbai,19.0785451,72.878176,2025-01-14 04:11:57,5,4859.92,74.21,85.68,4.83,92.51,366.32,456.24,46.61,26.03,53
Chennai,13.0836939,80.270186,2025-01-14 04:11:57,3,487.33,0.48,6.6,90.12,6.62,33.39,47.74,1.47,27.67,82
Kolkata,22.5414185,88.35769124388872,2025-01-14 04:11:58,5,2616.88,6.15,54.84,40.77,60.08,424.21,510.64,14.06,19.96,73
Bengaluru,12.9767936,77.590082,2025-01-14 04:11:58,2,667.57,0.52,25.02,55.08,9.06,10.82,12.59,2.06,19.99,86
Ahmedabad,23.0216238,72.5797068,2025-01-14 04:11:58,5,647.54,0.58,12.85,92.98,18.12,95.35,105.72,5,15.04,67
Lucknow,26.8381,80.9346001,2025-01-14 04:11:59,5,1148.22,3.19,9.94,22.53,5.13,167.25,189.27,6.33,16.38,56
Hyderabad,17.360589,78.4740613,2025-01-14 04:11:59,5,1201.63,6.87,37.01,52.21,37.19,94.01,111.56,8.87,22.19,78
Jaipur,26.9154576,75.8189817,2025-01-14 04:11:59,5,1081.47,4.36,24.68,52.21,10.25,91.41,104.68,4.62,12.6,82
Patna,25.6093239,85.1235252,2025-01-14 04:12:00,5,1321.79,3.35,14.22,35.41,10.61,232.01,249.87,5.32,14.97,88
Delhi,28.6517178,77.2219388,2025-01-14 05:09:52,5,1895.91,14.53,33.59,32.9,25.03,165.18,217.11,6.78,11.06,93
Mumbai,19.0785451,72.878176,2025-01-14 05:09:52,5,5287.17,66.16,117.9,18.77,106.81,396.85,492.59,55.22,28.03,47
Chennai,13.0836939,80.270186,2025-01-14 05:09:53,3,473.98,0.36,4.97,95.84,6.44,31.49,44.84,1.28,28.69,74
Kolkata,22.5414185,88.35769124388872,2025-01-14 05:09:53,5,2563.48,7.15,57.58,61.51,69.62,420.35,501.11,16.72,21.96,64
Bengaluru,12.9767936,77.590082,2025-01-14 05:09:53,2,640.87,0.66,21.25,56.51,8.94,10.62,12.17,2.12,23.59,73
Ahmedabad,23.0216238,72.5797068,2025-01-14 05:09:53,5,627.52,1.22,11.31,95.84,19.31,89.62,100.23,5.45,17.04,63
Lucknow,26.8381,80.9346001,2025-01-14 05:09:54,5,1214.98,4.08,9.68,30.76,5.48,177.39,203.43,6.84,12.01,100
Hyderabad,17.360589,78.4740613,2025-01-14 05:09:54,5,961.3,6.2,26.39,71.53,37.19,78.51,94.98,8.99,22.19,78
Jaipur,26.9154576,75.8189817,2025-01-14 05:09:54,5,1121.52,6.04,21.94,62.94,13.59,98.71,112.53,8.36,14.6,72
Patna,25.6093239,85.1235252,2025-01-14 05:09:55,5,1335.14,3.52,13.71,54.36,12.52,245.08,264.84,5.7,14.97,88
Delhi,28.6517178,77.2219388,2025-01-14 06:13:35,5,1695.63,10.06,32.56,60.8,29.8,171.37,220.08,7.41,12.06,87
Mumbai,19.0785451,72.878176,2025-01-14 06:13:35,5,5447.39,32.63,164.51,75.1,122.07,449.07,547.8,56.24,29.03,45
Chennai,13.0836939,80.270186,2025-01-14 06:13:36,3,460.63,0.26,4.28,97.28,6.02,27.82,40.04,1.09,29.17,72
Kolkata,22.5414185,88.35769124388872,2025-01-14 06:13:36,5,2536.77,6.76,60.32,87.98,74.39,414.43,492.34,17.99,22.96,60
Bengaluru,12.9767936,77.590082,2025-01-14 06:13:36,1,594.14,0.62,16.28,59.37,8.11,9.72,10.96,2.03,25.32,69
Ahmedabad,23.0216238,72.5797068,2025-01-14 06:13:36,5,607.49,1.44,9.94,105.86,20.27,85.1,95.74,6.02,20.04,52
Lucknow,26.8381,80.9346001,2025-01-14 06:13:37,5,1241.68,3.05,9.94,52.93,6.26,193.42,221.85,7.79,12.01,100
Hyderabad,17.360589,78.4740613,2025-01-14 06:13:37,4,814.44,4.47,20.56,95.84,38.15,73.42,88.99,8.23,26.19,61
Jaipur,26.9154576,75.8189817,2025-01-14 06:13:37,5,1161.58,5.87,21.94,82.25,17.41,111.78,126.42,12.16,15.6,67
Patna,25.6093239,85.1235252,2025-01-14 06:13:37,5,1348.5,2.46,12.85,87.98,14.66,264.39,285.32,6.27,15.97,88
Delhi,28.6517178,77.2219388,2025-01-14 07:09:27,5,1214.98,3.55,22.62,124.45,42.44,166.99,197.71,3.33,15.06,67
Mumbai,19.0785451,72.878176,2025-01-14 07:09:28,5,4325.87,14.53,149.43,161.65,150.68,427.45,508.49,43.57,31.03,40
Chennai,13.0836939,80.270186,2025-01-14 07:09:28,2,433.92,0.22,3.94,97.28,5.48,23.38,33.92,0.98,29.57,71
Kolkata,22.5414185,88.35769124388872,2025-01-14 07:09:29,5,1201.63,1.57,23.99,161.65,87.74,252.37,281.88,1.66,22.96,60
Bengaluru,12.9767936,77.590082,2025-01-14 07:09:29,2,520.71,0.56,10.71,66.52,5.66,6.71,7.55,1.58,25.27,68
Ahmedabad,23.0216238,72.5797068,2025-01-14 07:09:30,4,547.41,1.5,9.6,121.59,25.99,74.81,83.98,5.83,22.04,49
Lucknow,26.8381,80.9346001,2025-01-14 07:09:30,5,854.49,0.55,4.37,125.89,35.76,152.74,167.38,0.48,14.01,94
Hyderabad,17.360589,78.4740613,2025-01-14 07:09:31,4,554.09,0.89,10.8,111.58,20.5,68.33,78.56,3.58,26.19,57
Jaipur,26.9154576,75.8189817,2025-01-14 07:09:31,4,620.84,1.87,10.28,127.32,22.41,57.59,63.41,4.37,17.6,55
Patna,25.6093239,85.1235252,2025-01-14 07:09:32,5,894.55,0.59,5.4,150.2,18.12,185.7,197.06,1.62,16.97,82
Delhi,28.6517178,77.2219388,2025-01-14 08:13:11,5,1041.41,2.24,17.31,150.2,43.39,160.27,185.34,2.91,17.06,63
Mumbai,19.0785451,72.878176,2025-01-14 08:13:11,5,4165.65,8.38,134.35,248.91,141.14,512.29,602.48,34.45,32,35
Chennai,13.0836939,80.270186,2025-01-14 08:13:11,2,417.23,0.23,3.81,98.71,5.25,20.33,29.88,0.9,29.14,71
Kolkata,22.5414185,88.35769124388872,2025-01-14 08:13:12,5,947.95,0.62,12.68,185.97,64.85,216.28,237.33,0.04,23.96,60
Bengaluru,12.9767936,77.590082,2025-01-14 08:13:12,2,507.36,0.7,9,70.81,5.13,5.39,6.12,1.5,25.68,67
Ahmedabad,23.0216238,72.5797068,2025-01-14 08:13:12,4,507.36,1.5,10.2,131.61,31.95,69.83,78.14,5.64,23.04,46
Lucknow,26.8381,80.9346001,2025-01-14 08:13:13,5,720.98,0.27,2.61,140.19,29.8,127.68,138.76,0.83,18.01,77
Hyderabad,17.360589,78.4740613,2025-01-14 08:13:13,4,514.03,0.73,9.94,111.58,16.93,63.02,71.5,2.98,27.19,50
Jaipur,26.9154576,75.8189817,2025-01-14 08:13:13,4,554.09,1.22,7.88,143.05,20.74,50.69,55.59,4.02,18.6,52
Patna,25.6093239,85.1235252,2025-01-14 08:13:14,5,747.68,0.3,3.38,161.65,16.69,154.12,163.04,1.65,15.97,88
Delhi,28.6517178,77.2219388,2025-01-14 09:10:29,5,974.66,1.58,15.42,161.65,42.44,157.13,180.68,3.26,17.06,67
Mumbai,19.0785451,72.878176,2025-01-14 09:10:30,5,3738.4,5.14,109.67,300.41,120.16,553.98,652.35,25.33,32.03,37
Chennai,13.0836939,80.270186,2025-01-14 09:10:30,2,407.22,0.24,3.73,97.28,5.01,19.26,28.43,0.83,28.92,71
Kolkata,22.5414185,88.35769124388872,2025-01-14 09:10:30,5,907.9,0.41,11.48,188.83,55.79,206.76,226.18,0,23.96,57
Bengaluru,12.9767936,77.590082,2025-01-14 09:10:31,2,507.36,0.82,8.82,75.82,5.31,5.33,6.11,1.62,25.16,69
Ahmedabad,23.0216238,72.5797068,2025-01-14 09:10:31,4,494,1.37,10.54,137.33,34.33,69.65,77.68,5.32,23.04,46
Lucknow,26.8381,80.9346001,2025-01-14 09:10:32,5,694.28,0.2,2.46,145.91,27.42,123.39,133.78,1.27,19.01,72
Hyderabad,17.360589,78.4740613,2025-01-14 09:10:32,4,520.71,0.69,10.71,111.58,16.93,62.25,70.52,3.04,28.68,47
Jaipur,26.9154576,75.8189817,2025-01-14 09:10:33,4,540.73,0.95,6.86,150.2,19.55,49.84,54.71,4.31,18.6,48
Patna,25.6093239,85.1235252,2025-01-14 09:10:33,5,720.98,0.24,3.38,163.08,16.21,146.51,155.09,2.22,15.97,88
Delhi,28.6517178,77.2219388,2025-01-14 10:10:19,5,1588.82,2.18,31.87,163.08,38.62,243.96,287.53,9.88,19.06,59
Mumbai,19.0785451,72.878176,2025-01-14 10:10:20,5,2456.67,3.24,78.14,300.41,83.92,378.1,450.54,16.97,31.03,45
Chennai,13.0836939,80.270186,2025-01-14 10:10:20,2,440.6,0.42,4.16,92.98,5.31,20.95,29.76,0.97,28.44,73
Kolkata,22.5414185,88.35769124388872,2025-01-14 10:10:21,5,881.2,0.6,24.33,158.79,48.64,157.87,180.64,6.97,23.96,60
Bengaluru,12.9767936,77.590082,2025-01-14 10:10:21,2,440.6,0.41,7.63,70.1,4.23,4.82,6.26,1.68,25.09,68
Ahmedabad,23.0216238,72.5797068,2025-01-14 10:10:22,3,460.63,1.26,10.54,134.47,28.85,49.54,57.2,5.13,25.04,41
Lucknow,26.8381,80.9346001,2025-01-14 10:10:22,5,680.92,0.31,4.28,121.59,14.9,118.05,129.63,6.4,19.01,72
Hyderabad,17.360589,78.4740613,2025-01-14 10:10:22,4,534.06,1.03,10.8,125.89,18.36,69.44,78.3,3.14,28.68,47
Jaipur,26.9154576,75.8189817,2025-01-14 10:10:23,4,687.6,1.51,12.34,140.19,18.6,61.33,68.23,8.36,19.6,45
Patna,25.6093239,85.1235252,2025-01-14 10:10:23,5,767.71,0.48,7.63,127.32,10.85,146.35,158.23,7.28,15.97,88
Delhi,28.6517178,77.2219388,2025-01-14 11:07:57,5,2162.93,2.68,56.89,111.58,32.9,277.19,344.54,15.96,18.06,63
Mumbai,19.0785451,72.878176,2025-01-14 11:07:57,5,1708.98,1.3,46.61,291.82,58.65,282,346.28,13.05,29.03,54
Chennai,13.0836939,80.270186,2025-01-14 11:07:58,2,447.27,0.45,5.91,88.69,5.9,21.41,30.75,1.22,27.89,75
Kolkata,22.5414185,88.35769124388872,2025-01-14 11:07:58,5,1121.52,0.35,42.16,125.89,50.55,169.63,205.68,14.44,22.96,64
Bengaluru,12.9767936,77.590082,2025-01-14 11:07:59,2,453.95,0.78,9.17,72.24,4.77,6.27,8.15,1.92,25.17,68
Ahmedabad,23.0216238,72.5797068,2025-01-14 11:07:59,3,480.65,0.94,11.31,128.75,20.03,47.79,55.62,5.89,24.04,38
Lucknow,26.8381,80.9346001,2025-01-14 11:08:00,5,767.71,0.33,8.91,103,13.83,129.79,146.48,16.97,19.01,72
Hyderabad,17.360589,78.4740613,2025-01-14 11:08:00,4,547.41,0.61,13.2,115.87,18.12,68.56,77.36,3.2,27.19,41
Jaipur,26.9154576,75.8189817,2025-01-14 11:08:01,4,947.95,2.32,25.36,113.01,17.88,73.04,83.04,15.2,19.6,37
Patna,25.6093239,85.1235252,2025-01-14 11:08:01,5,894.55,0.5,16.28,87.98,9.66,148.53,166.45,13.55,15.97,88
Delhi,28.6517178,77.2219388,2025-01-14 12:18:03,5,2777.1,1.09,90.48,60.08,34.81,304.82,393.66,21.28,18.06,63
Mumbai,19.0785451,72.878176,2025-01-14 12:18:03,5,1241.68,0.45,37.01,234.6,46.73,194.35,243.4,11.15,28.03,61
Chennai,13.0836939,80.270186,2025-01-14 12:18:03,2,453.95,0.24,8.48,82.97,6.14,20.93,30.37,1.47,27.16,78
Kolkata,22.5414185,88.35769124388872,2025-01-14 12:18:03,5,1361.85,0.03,56.21,95.84,48.64,181.14,228.89,19.51,22.96,64
Bengaluru,12.9767936,77.590082,2025-01-14 12:18:03,2,467.3,0.75,12.34,70.81,5.01,7.64,9.94,2.15,24.68,71
Ahmedabad,23.0216238,72.5797068,2025-01-14 12:18:04,3,514.03,0.42,14.22,118.73,13.83,45.53,53.18,6.65,23.04,40
Lucknow,26.8381,80.9346001,2025-01-14 12:18:04,5,867.84,0.07,15.42,95.84,16.21,138.84,160.63,30.65,18.01,77
Hyderabad,17.360589,78.4740613,2025-01-14 12:18:04,4,560.76,0.13,15.25,108.72,16.93,67.16,75.98,3.23,26.19,47
Jaipur,26.9154576,75.8189817,2025-01-14 12:18:04,5,1228.33,1.29,42.16,80.11,17.41,82.71,95.99,20.77,18.6,42
Patna,25.6093239,85.1235252,2025-01-14 12:18:05,5,1041.41,0.07,26.39,62.23,10.25,155.92,179.41,17.73,15.97,88
Delhi,28.6517178,77.2219388,2025-01-14 13:15:34,5,3177.64,0.27,115.16,22.89,42.44,330.64,442.84,31.67,16.06,77
Mumbai,19.0785451,72.878176,2025-01-14 13:15:34,5,1028.06,0.03,32.56,178.81,41.49,147.35,185.69,10.64,27.03,65
Chennai,13.0836939,80.270186,2025-01-14 13:15:35,2,467.3,0.01,9.51,79.39,6.08,20.26,29.91,1.68,26.73,80
Kolkata,22.5414185,88.35769124388872,2025-01-14 13:15:35,5,1789.09,0,80.88,63.66,51.02,201.7,264.48,26.09,21.96,68
Bengaluru,12.9767936,77.590082,2025-01-14 13:15:36,2,480.65,0.1,15.59,67.23,5.48,9.1,11.87,2.5,22.89,77
Ahmedabad,23.0216238,72.5797068,2025-01-14 13:15:36,3,567.44,0.03,17.99,104.43,10.61,44.32,51.99,7.73,23.04,40
Lucknow,26.8381,80.9346001,2025-01-14 13:15:36,5,974.66,0,21.25,88.69,19.07,148.87,175.78,45.6,17.04,46
Hyderabad,17.360589,78.4740613,2025-01-14 13:15:37,4,687.6,0,22.96,97.28,22.65,70.21,79.75,5.38,24.68,60
Jaipur,26.9154576,75.8189817,2025-01-14 13:15:37,5,1361.85,0.02,48.67,52.93,15.74,85.3,101.2,25.08,16.6,51
Patna,25.6093239,85.1235252,2025-01-14 13:15:37,5,1174.93,0,33.59,46.49,11.8,165.15,194.7,21.53,15.97,88
Delhi,28.6517178,77.2219388,2025-01-14 14:09:46,5,3417.97,3.74,120.64,4.6,47.21,357.67,495.1,42.05,14.06,88
Mumbai,19.0785451,72.878176,2025-01-14 14:09:46,5,1041.41,0,30.85,141.62,37.67,135.89,173.16,11.91,26,73
Chennai,13.0836939,80.270186,2025-01-14 14:09:47,2,473.98,0,8.91,78.68,6.26,20.34,31.06,2.01,26.64,81
Kolkata,22.5414185,88.35769124388872,2025-01-14 14:09:48,5,2403.26,0.01,105.56,33.62,52.93,234.93,320.18,34.96,20.96,68
Bengaluru,12.9767936,77.590082,2025-01-14 14:09:48,2,473.98,0,16.28,67.23,6.5,11.3,14.78,3.2,22.57,79
Ahmedabad,23.0216238,72.5797068,2025-01-14 14:09:49,3,627.52,0,20.56,92.98,9.06,44.57,52.43,8.99,21.04,52
Lucknow,26.8381,80.9346001,2025-01-14 14:09:49,5,1094.82,0,26.39,80.11,21.7,160.83,193.56,60.29,14.01,94
Hyderabad,17.360589,78.4740613,2025-01-14 14:09:50,5,834.47,0,29.13,89.41,29.56,76.6,87.58,8.61,24.19,60
Jaipur,26.9154576,75.8189817,2025-01-14 14:09:50,5,1295.09,0,42.84,45.42,12.88,82.69,99.03,24.83,15.6,55
Patna,25.6093239,85.1235252,2025-01-14 14:09:51,5,1281.74,0,35.64,36.84,12.52,175.74,211.57,22.04,15.97,88
Delhi,28.6517178,77.2219388,2025-01-14 15:09:58,5,3578.19,10.51,113.79,0.51,50.07,383.95,541.98,50.16,13.06,88
Mumbai,19.0785451,72.878176,2025-01-14 15:09:58,5,1134.87,0,30.85,120.16,38.15,143.83,183.21,12.54,26.03,69
Chennai,13.0836939,80.270186,2025-01-14 15:09:58,2,487.33,0,8.31,79.39,6.44,20.3,32.14,2.22,26.15,82
Kolkata,22.5414185,88.35769124388872,2025-01-14 15:09:58,5,2964.02,0.23,119.27,15.74,51.98,268.61,372.55,39.01,19.96,77
Bengaluru,12.9767936,77.590082,2025-01-14 15:09:59,2,473.98,0,15.59,68.67,7.09,14.08,18.14,3.77,21.51,83
Ahmedabad,23.0216238,72.5797068,2025-01-14 15:09:59,3,660.9,0,21.76,87.26,7.87,42.78,50.32,9.75,18.04,59
Lucknow,26.8381,80.9346001,2025-01-14 15:09:59,5,1214.98,0,31.19,73.67,23.84,174.26,212.61,73.97,15.64,51
Hyderabad,17.360589,78.4740613,2025-01-14 15:09:59,5,881.2,0,27.76,88.69,30.28,80.92,92.89,10.13,23.19,60
Jaipur,26.9154576,75.8189817,2025-01-14 15:10:00,5,1081.47,0,33.59,51.5,10.13,75.6,90.02,17.23,14.6,58
Patna,25.6093239,85.1235252,2025-01-14 15:10:00,5,1375.2,0,34.62,31.11,12.4,186.12,226.14,21.03,14.97,94
Delhi,28.6517178,77.2219388,2025-01-14 16:11:49,5,3685,14.98,106.93,0.12,51.98,411.12,584.15,53.7,12.06,94
Mumbai,19.0785451,72.878176,2025-01-14 16:11:50,5,1482.01,0,39.76,97.28,44.82,167.88,214.27,17.73,26.03,65
Chennai,13.0836939,80.270186,2025-01-14 16:11:50,2,480.65,0,7.28,81.54,6.38,19.62,31.4,2.15,26.13,83
Kolkata,22.5414185,88.35769124388872,2025-01-14 16:11:51,5,3524.78,1.84,131.61,5.5,55.31,308.86,421.22,40.03,19.96,73
Bengaluru,12.9767936,77.590082,2025-01-14 16:11:51,2,500.68,0,15.94,67.95,8.11,19.07,24.04,4.5,20.76,87
Ahmedabad,23.0216238,72.5797068,2025-01-14 16:11:52,3,680.92,0,22.28,80.11,6.97,40.1,48.04,10.51,18.04,59
Lucknow,26.8381,80.9346001,2025-01-14 16:11:52,5,1321.79,0,34.27,67.23,25.99,189.2,232.24,86.13,15.06,53
Hyderabad,17.360589,78.4740613,2025-01-14 16:11:53,5,921.25,0,27.08,86.55,29.33,85,98.15,11.4,22.19,68
Jaipur,26.9154576,75.8189817,2025-01-14 16:11:54,4,921.25,0,27.08,59.37,8.11,71.74,84.09,10.51,13.6,67
Patna,25.6093239,85.1235252,2025-01-14 16:11:54,5,1441.96,0.01,31.87,27.54,11.44,195.65,238,18.49,14.97,94
Delhi,28.6517178,77.2219388,2025-01-14 17:09:08,5,3631.59,16.76,94.59,0.05,47.68,425.17,603.87,49.65,12.06,94
Mumbai,19.0785451,72.878176,2025-01-14 17:09:08,5,2082.82,0,54.84,69.38,53.88,205.32,266.42,27.87,26.03,65
Chennai,13.0836939,80.270186,2025-01-14 17:09:08,2,480.65,0,6.94,82.97,6.2,19.21,30.94,2.15,26.08,84
Kolkata,22.5414185,88.35769124388872,2025-01-14 17:09:09,5,4058.84,7.04,135.72,0.78,58.17,350.59,468.55,41.54,18.96,77
Bengaluru,12.9767936,77.590082,2025-01-14 17:09:09,2,527.38,0,16.28,64.37,8.23,24.68,30.91,5.19,20.02,86
Ahmedabad,23.0216238,72.5797068,2025-01-14 17:09:10,3,700.95,0,22.62,70.81,6.68,39.8,49.12,11.53,17.04,59
Lucknow,26.8381,80.9346001,2025-01-14 17:09:10,5,1401.9,0,35.3,60.08,26.23,203.38,249.25,92.21,13.01,100
Hyderabad,17.360589,78.4740613,2025-01-14 17:09:11,5,1014.71,0,29.13,80.82,29.33,90.26,104.54,12.92,21.68,73
Jaipur,26.9154576,75.8189817,2025-01-14 17:09:11,5,921.25,0,27.76,56.51,7.27,77.97,90.39,7.6,13.6,62
Patna,25.6093239,85.1235252,2025-01-14 17:09:11,5,1495.36,0.02,30.16,23.6,10.01,205.01,249.2,16.09,14.97,94
Delhi,28.6517178,77.2219388,2025-01-14 18:13:05,5,3231.05,15.42,78.14,0.05,35.76,414.15,578.06,38.51,12.06,94
Mumbai,19.0785451,72.878176,2025-01-14 18:13:06,5,2536.77,0,66.49,48.64,59.61,234.11,303.08,33.44,26.03,65
Chennai,13.0836939,80.270186,2025-01-14 18:13:06,2,467.3,0,6.77,85.12,5.84,18.54,29.68,1.88,26.07,83
Kolkata,22.5414185,88.35769124388872,2025-01-14 18:13:06,5,4272.46,11.62,130.24,0.16,53.88,368.98,480.41,38.51,17.96,82
Bengaluru,12.9767936,77.590082,2025-01-14 18:13:07,3,527.38,0,15.59,61.51,7.39,28.66,35.69,4.37,19.09,90
Ahmedabad,23.0216238,72.5797068,2025-01-14 18:13:07,3,720.98,0,22.62,60.08,6.14,41.33,52.06,12.41,17.04,59
Lucknow,26.8381,80.9346001,2025-01-14 18:13:07,5,1428.6,0,33.59,52.93,22.89,215.01,258.62,86.13,13.01,100
Hyderabad,17.360589,78.4740613,2025-01-14 18:13:08,5,1001.36,0,29.82,77.96,28.13,90.56,104.62,12.29,20.68,77
Jaipur,26.9154576,75.8189817,2025-01-14 18:13:08,5,894.55,0,27.08,55.79,6.02,82.91,94.59,5.64,13.6,62
Patna,25.6093239,85.1235252,2025-01-14 18:13:08,5,1548.77,0.04,29.82,18.06,7.99,215.08,257.87,13.68,13.97,94
Delhi,28.6517178,77.2219388,2025-01-14 19:07:41,5,2803.8,12.29,68.55,0.06,30.99,394.84,530.93,36.48,11.06,100
Mumbai,19.0785451,72.878176,2025-01-14 19:07:41,5,2723.69,0,73.34,33.26,61.04,246.37,314.45,32.93,26.03,65
Chennai,13.0836939,80.270186,2025-01-14 19:07:42,2,433.92,0,6.08,87.98,5.31,17.59,27.31,1.44,25.85,85
Kolkata,22.5414185,88.35769124388872,2025-01-14 19:07:42,5,4005.43,10.17,117.9,0.19,42.92,351.22,444.91,28.63,17.96,82
Bengaluru,12.9767936,77.590082,2025-01-14 19:07:43,3,507.36,0,13.71,60.08,6.44,30.13,37.42,3.07,18.35,90
Ahmedabad,23.0216238,72.5797068,2025-01-14 19:07:43,3,694.28,0,19.88,53.64,5.31,42.09,52.92,13.05,17.04,59
Lucknow,26.8381,80.9346001,2025-01-14 19:07:44,5,1415.25,0,30.16,47.21,16.93,223.59,262.16,62.82,13.01,100
Hyderabad,17.360589,78.4740613,2025-01-14 19:07:44,5,867.84,0,26.05,80.11,25.51,86.55,99.75,9.88,20.68,77
Jaipur,26.9154576,75.8189817,2025-01-14 19:07:45,5,847.82,0,24.33,57.94,5.01,86.43,96.76,4.43,12.6,67
Patna,25.6093239,85.1235252,2025-01-14 19:07:45,5,1575.47,0.06,28.79,13.95,6.26,222.72,261.29,12.29,13.97,100
Delhi,28.6517178,77.2219388,2025-01-14 20:10:54,5,2670.29,10.84,65.8,0.05,35.29,393.76,513.21,42.56,10.06,100
Mumbai,19.0785451,72.878176,2025-01-14 20:10:54,5,2857.21,0.05,76.77,19.49,66.76,258.13,325.32,33.95,26.03,65
Chennai,13.0836939,80.270186,2025-01-14 20:10:55,2,413.9,0,4.88,90.84,5.01,18.6,27.72,1.27,25.34,86
Kolkata,22.5414185,88.35769124388872,2025-01-14 20:10:56,5,3391.27,5.42,101.45,0.86,30.99,311.95,393.5,17.48,16.96,88
Bengaluru,12.9767936,77.590082,2025-01-14 20:10:56,3,473.98,0,11.48,59.37,6.26,29.8,36.99,2.31,17.89,90
Ahmedabad,23.0216238,72.5797068,2025-01-14 20:10:57,3,634.19,0,14.57,59.37,5.19,45.38,55.02,12.79,18.04,55
Lucknow,26.8381,80.9346001,2025-01-14 20:10:57,5,1401.9,0,26.73,40.77,12.04,231.96,265.48,41.54,12.01,100
Hyderabad,17.360589,78.4740613,2025-01-14 20:10:58,5,747.68,0,19.71,82.97,22.89,84.44,97.44,8.49,19.68,82
Jaipur,26.9154576,75.8189817,2025-01-14 20:10:58,5,821.11,0,20.74,61.51,4.89,93.54,103.22,4.02,10.79,64
Patna,25.6093239,85.1235252,2025-01-14 20:10:59,5,1588.82,0.05,27.08,12.7,5.66,231.85,267.62,12.41,13.97,94
Delhi,28.6517178,77.2219388,2025-01-14 21:09:00,5,2643.59,10.51,65.12,0.03,41.01,399.23,506.68,48.64,10.06,100
Mumbai,19.0785451,72.878176,2025-01-14 21:09:00,5,2964.02,0.35,78.83,10.28,78.2,270.72,337.03,38,25.03,69
Chennai,13.0836939,80.270186,2025-01-14 21:09:00,2,397.21,0,4.03,92.98,4.71,20.88,30.22,1.2,25.13,87
Kolkata,22.5414185,88.35769124388872,2025-01-14 21:09:00,5,2750.4,1.59,82.94,3.76,21.94,269.04,341.2,10.64,15.96,82
Bengaluru,12.9767936,77.590082,2025-01-14 21:09:01,3,447.27,0,9.51,60.8,6.14,28.43,35.14,2.01,17.14,91
Ahmedabad,23.0216238,72.5797068,2025-01-14 21:09:01,4,587.46,0,8.91,78.68,5.78,57.68,65.34,11.4,17.04,63
Lucknow,26.8381,80.9346001,2025-01-14 21:09:01,5,1388.55,0,23.99,33.62,8.11,241.32,270.91,26.6,12.01,100
Hyderabad,17.360589,78.4740613,2025-01-14 21:09:01,5,667.57,0,14.74,75.1,18.6,79.57,92.24,6.65,19.68,88
Jaipur,26.9154576,75.8189817,2025-01-14 21:09:02,5,814.44,0,17.65,65.09,4.89,101.79,111.16,3.93,10.6,82
Patna,25.6093239,85.1235252,2025-01-14 21:09:02,5,1588.82,0.04,25.71,12.88,5.6,241.33,275.24,13.17,13.97,100
Delhi,28.6517178,77.2219388,2025-01-14 22:09:12,5,2616.88,9.72,65.12,0.05,44.82,406.33,489.45,53.2,10.06,100
Mumbai,19.0785451,72.878176,2025-01-14 22:09:12,5,3044.13,1.33,80.2,4.2,92.51,280.92,348.16,44.08,25.03,69
Chennai,13.0836939,80.270186,2025-01-14 22:09:13,2,383.85,0,3.77,92.98,4.47,21.76,31.19,1.2,24.86,88
Kolkata,22.5414185,88.35769124388872,2025-01-14 22:09:13,5,2243.04,0.35,62.38,9.03,15.14,234.36,299.83,7.66,15.96,82
Bengaluru,12.9767936,77.590082,2025-01-14 22:09:13,3,427.25,0,8.05,62.94,5.9,25.7,31.47,1.98,16.82,91
Ahmedabad,23.0216238,72.5797068,2025-01-14 22:09:13,4,574.11,0,5.74,94.41,6.02,71.19,77.5,10.13,17.04,63
Lucknow,26.8381,80.9346001,2025-01-14 22:09:14,5,1375.2,0,21.25,28.61,5.31,251.48,277.36,17.99,12.02,66
Hyderabad,17.360589,78.4740613,2025-01-14 22:09:14,4,614.17,0,12.34,63.66,15.74,63.38,74.36,4.37,19.68,88
Jaipur,26.9154576,75.8189817,2025-01-14 22:09:14,5,807.76,0,15.25,69.38,4.89,109.63,118.68,3.83,11.6,76
Patna,25.6093239,85.1235252,2025-01-14 22:09:14,5,1615.52,0.04,25.02,13.05,5.78,251.55,284.52,14.19,13.97,100
Delhi,28.6517178,77.2219388,2025-01-14 23:09:05,5,2643.59,9.95,66.49,0.04,49.59,417.43,490.34,56.74,9.06,100
Mumbai,19.0785451,72.878176,2025-01-14 23:09:05,5,3124.24,3.07,82.94,1.5,105.86,292.45,361.53,49.65,25.03,73
Chennai,13.0836939,80.270186,2025-01-14 23:09:05,2,377.18,0,3.64,92.98,4.41,21.66,30.92,1.16,24.8,88
Kolkata,22.5414185,88.35769124388872,2025-01-14 23:09:06,5,1976.01,0.21,48.67,11.62,11.8,219.91,278.17,7.03,14.96,88
Bengaluru,12.9767936,77.590082,2025-01-14 23:09:06,2,410.56,0,7.45,65.09,5.84,19.03,23.04,1.88,16.97,89
Ahmedabad,23.0216238,72.5797068,2025-01-14 23:09:06,5,580.79,0,5.18,94.41,5.66,77.22,83.06,9.88,16.04,67
Lucknow,26.8381,80.9346001,2025-01-14 23:09:07,5,1375.2,0,19.19,25.75,3.82,261.86,284.9,13.68,13.01,100
Hyderabad,17.360589,78.4740613,2025-01-14 23:09:07,3,567.44,0,11.65,58.65,15.5,46.22,55.41,2.98,17.82,91
Jaipur,26.9154576,75.8189817,2025-01-14 23:09:07,5,794.41,0,13.2,75.1,5.01,115.92,124.67,3.64,11.6,82
Patna,25.6093239,85.1235252,2025-01-14 23:09:08,5,1642.23,0.06,25.36,11.98,5.9,262.39,294.43,14.95,13.97,94
